trial,seed,requested,expected_color,gt_slot,detected,det_slot,slot_correct,found_category,latency_s,manip_status,manip_time_s,joint_rms_err,joint_max_err,picked_bin,grasp_err_cm,delivered_bin,delivered_correct,end_to_end,manip_detail,layout
0,0,saline,cyan,top_left,True,top_left,True,saline,0.094,not_run,,,,,,,,,,top_left:saline;top_center:wipes;top_right:gloves;middle_left:masks;middle_center:tape;middle_right:syringes;bottom_left:gauze;bottom_center:specimen_cups;bottom_right:dressings
1,1,masks,yellow,middle_center,True,middle_center,True,masks,0.036,not_run,,,,,,,,,,top_left:wipes;top_center:dressings;top_right:saline;middle_left:tape;middle_center:masks;middle_right:gauze;bottom_left:specimen_cups;bottom_center:gloves;bottom_right:syringes
2,2,gauze,red,bottom_right,True,bottom_right,True,gauze,0.101,not_run,,,,,,,,,,top_left:masks;top_center:dressings;top_right:tape;middle_left:wipes;middle_center:saline;middle_right:syringes;bottom_left:specimen_cups;bottom_center:gloves;bottom_right:gauze
3,3,saline,cyan,bottom_left,True,bottom_left,True,saline,0.018,not_run,,,,,,,,,,top_left:gloves;top_center:wipes;top_right:dressings;middle_left:gauze;middle_center:specimen_cups;middle_right:tape;bottom_left:saline;bottom_center:syringes;bottom_right:masks
4,4,gloves,green,top_left,True,top_left,True,gloves,0.089,not_run,,,,,,,,,,top_left:gloves;top_center:syringes;top_right:dressings;middle_left:saline;middle_center:specimen_cups;middle_right:wipes;bottom_left:gauze;bottom_center:tape;bottom_right:masks
5,5,gauze,red,middle_left,True,middle_left,True,gauze,0.098,not_run,,,,,,,,,,top_left:syringes;top_center:masks;top_right:gloves;middle_left:gauze;middle_center:specimen_cups;middle_right:saline;bottom_left:dressings;bottom_center:wipes;bottom_right:tape
6,6,wipes,purple,top_left,True,top_left,True,wipes,0.021,not_run,,,,,,,,,,top_left:wipes;top_center:specimen_cups;top_right:masks;middle_left:tape;middle_center:gauze;middle_right:syringes;bottom_left:dressings;bottom_center:saline;bottom_right:gloves
7,7,wipes,purple,bottom_right,True,bottom_right,True,wipes,0.073,not_run,,,,,,,,,,top_left:gloves;top_center:dressings;top_right:saline;middle_left:tape;middle_center:gauze;middle_right:specimen_cups;bottom_left:masks;bottom_center:syringes;bottom_right:wipes
8,8,masks,yellow,bottom_right,True,bottom_right,True,masks,0.026,not_run,,,,,,,,,,top_left:tape;top_center:syringes;top_right:dressings;middle_left:gauze;middle_center:saline;middle_right:gloves;bottom_left:specimen_cups;bottom_center:wipes;bottom_right:masks
9,9,gloves,green,middle_right,True,middle_right,True,gloves,0.015,not_run,,,,,,,,,,top_left:masks;top_center:dressings;top_right:tape;middle_left:gauze;middle_center:specimen_cups;middle_right:gloves;bottom_left:syringes;bottom_center:wipes;bottom_right:saline
10,10,tape,orange,middle_right,True,middle_right,True,tape,0.068,not_run,,,,,,,,,,top_left:wipes;top_center:syringes;top_right:saline;middle_left:gloves;middle_center:specimen_cups;middle_right:tape;bottom_left:masks;bottom_center:dressings;bottom_right:gauze
11,11,syringes,blue,top_left,True,top_left,True,syringes,0.02,not_run,,,,,,,,,,top_left:syringes;top_center:dressings;top_right:gauze;middle_left:gloves;middle_center:wipes;middle_right:tape;bottom_left:masks;bottom_center:specimen_cups;bottom_right:saline
12,12,wipes,purple,bottom_left,True,bottom_left,True,wipes,0.011,not_run,,,,,,,,,,top_left:dressings;top_center:gauze;top_right:masks;middle_left:gloves;middle_center:syringes;middle_right:specimen_cups;bottom_left:wipes;bottom_center:tape;bottom_right:saline
13,13,masks,yellow,top_left,True,top_left,True,masks,0.045,not_run,,,,,,,,,,top_left:masks;top_center:gauze;top_right:syringes;middle_left:saline;middle_center:gloves;middle_right:dressings;bottom_left:wipes;bottom_center:specimen_cups;bottom_right:tape
14,14,saline,cyan,top_right,True,top_right,True,saline,0.117,not_run,,,,,,,,,,top_left:specimen_cups;top_center:gauze;top_right:saline;middle_left:tape;middle_center:dressings;middle_right:wipes;bottom_left:syringes;bottom_center:masks;bottom_right:gloves
15,15,gauze,red,bottom_center,True,bottom_center,True,gauze,0.008,not_run,,,,,,,,,,top_left:specimen_cups;top_center:syringes;top_right:dressings;middle_left:gloves;middle_center:saline;middle_right:wipes;bottom_left:tape;bottom_center:gauze;bottom_right:masks
16,16,dressings,pink,middle_center,True,middle_center,True,dressings,0.004,not_run,,,,,,,,,,top_left:specimen_cups;top_center:gauze;top_right:tape;middle_left:gloves;middle_center:dressings;middle_right:syringes;bottom_left:masks;bottom_center:saline;bottom_right:wipes
17,17,gloves,green,top_center,True,top_center,True,gloves,0.059,not_run,,,,,,,,,,top_left:masks;top_center:gloves;top_right:gauze;middle_left:tape;middle_center:wipes;middle_right:syringes;bottom_left:saline;bottom_center:dressings;bottom_right:specimen_cups
18,18,saline,cyan,middle_left,True,middle_left,True,saline,0.038,not_run,,,,,,,,,,top_left:tape;top_center:dressings;top_right:gauze;middle_left:saline;middle_center:specimen_cups;middle_right:masks;bottom_left:wipes;bottom_center:gloves;bottom_right:syringes
19,19,syringes,blue,middle_left,True,middle_left,True,syringes,0.033,not_run,,,,,,,,,,top_left:specimen_cups;top_center:wipes;top_right:dressings;middle_left:syringes;middle_center:masks;middle_right:saline;bottom_left:tape;bottom_center:gloves;bottom_right:gauze
20,20,gauze,red,middle_center,True,middle_center,True,gauze,0.008,not_run,,,,,,,,,,top_left:gloves;top_center:saline;top_right:masks;middle_left:specimen_cups;middle_center:gauze;middle_right:dressings;bottom_left:wipes;bottom_center:tape;bottom_right:syringes
21,21,specimen_cups,black,middle_center,True,middle_center,True,specimen_cups,0.044,not_run,,,,,,,,,,top_left:tape;top_center:gloves;top_right:gauze;middle_left:saline;middle_center:specimen_cups;middle_right:masks;bottom_left:wipes;bottom_center:dressings;bottom_right:syringes
22,22,wipes,purple,top_left,True,top_left,True,wipes,0.22,not_run,,,,,,,,,,top_left:wipes;top_center:dressings;top_right:specimen_cups;middle_left:gloves;middle_center:saline;middle_right:tape;bottom_left:gauze;bottom_center:masks;bottom_right:syringes
23,23,syringes,blue,middle_center,True,middle_center,True,syringes,0.066,not_run,,,,,,,,,,top_left:dressings;top_center:wipes;top_right:saline;middle_left:masks;middle_center:syringes;middle_right:specimen_cups;bottom_left:gauze;bottom_center:gloves;bottom_right:tape
24,24,syringes,blue,bottom_center,True,bottom_center,True,syringes,0.233,not_run,,,,,,,,,,top_left:masks;top_center:gauze;top_right:saline;middle_left:tape;middle_center:wipes;middle_right:specimen_cups;bottom_left:gloves;bottom_center:syringes;bottom_right:dressings
25,25,tape,orange,top_center,True,top_center,True,tape,0.194,not_run,,,,,,,,,,top_left:wipes;top_center:tape;top_right:specimen_cups;middle_left:saline;middle_center:masks;middle_right:syringes;bottom_left:gloves;bottom_center:gauze;bottom_right:dressings
26,26,gauze,red,middle_left,True,middle_left,True,gauze,0.179,not_run,,,,,,,,,,top_left:syringes;top_center:gloves;top_right:dressings;middle_left:gauze;middle_center:wipes;middle_right:tape;bottom_left:saline;bottom_center:specimen_cups;bottom_right:masks
27,27,tape,orange,bottom_center,True,bottom_center,True,tape,0.212,not_run,,,,,,,,,,top_left:masks;top_center:dressings;top_right:wipes;middle_left:specimen_cups;middle_center:gauze;middle_right:gloves;bottom_left:syringes;bottom_center:tape;bottom_right:saline
28,28,dressings,pink,middle_right,True,middle_right,True,dressings,0.035,not_run,,,,,,,,,,top_left:saline;top_center:masks;top_right:gauze;middle_left:wipes;middle_center:specimen_cups;middle_right:dressings;bottom_left:tape;bottom_center:syringes;bottom_right:gloves
29,29,dressings,pink,middle_left,True,middle_left,True,dressings,0.017,not_run,,,,,,,,,,top_left:masks;top_center:saline;top_right:gauze;middle_left:dressings;middle_center:wipes;middle_right:tape;bottom_left:syringes;bottom_center:gloves;bottom_right:specimen_cups
30,30,dressings,pink,middle_center,True,middle_center,True,dressings,0.176,not_run,,,,,,,,,,top_left:syringes;top_center:wipes;top_right:masks;middle_left:gloves;middle_center:dressings;middle_right:gauze;bottom_left:saline;bottom_center:tape;bottom_right:specimen_cups
31,31,specimen_cups,black,bottom_left,True,bottom_left,True,specimen_cups,0.09,not_run,,,,,,,,,,top_left:tape;top_center:syringes;top_right:wipes;middle_left:dressings;middle_center:gloves;middle_right:masks;bottom_left:specimen_cups;bottom_center:saline;bottom_right:gauze
32,32,gloves,green,bottom_right,True,bottom_right,True,gloves,0.018,not_run,,,,,,,,,,top_left:tape;top_center:wipes;top_right:gauze;middle_left:saline;middle_center:dressings;middle_right:syringes;bottom_left:specimen_cups;bottom_center:masks;bottom_right:gloves
33,33,specimen_cups,black,middle_right,True,middle_right,True,specimen_cups,0.312,not_run,,,,,,,,,,top_left:gauze;top_center:tape;top_right:wipes;middle_left:gloves;middle_center:saline;middle_right:specimen_cups;bottom_left:dressings;bottom_center:masks;bottom_right:syringes
34,34,gloves,green,middle_center,True,middle_center,True,gloves,0.298,not_run,,,,,,,,,,top_left:masks;top_center:syringes;top_right:dressings;middle_left:saline;middle_center:gloves;middle_right:gauze;bottom_left:tape;bottom_center:wipes;bottom_right:specimen_cups
35,35,tape,orange,top_center,True,top_center,True,tape,0.048,not_run,,,,,,,,,,top_left:gauze;top_center:tape;top_right:masks;middle_left:saline;middle_center:syringes;middle_right:gloves;bottom_left:dressings;bottom_center:wipes;bottom_right:specimen_cups
36,36,masks,yellow,top_center,True,top_center,True,masks,0.03,not_run,,,,,,,,,,top_left:gloves;top_center:masks;top_right:specimen_cups;middle_left:tape;middle_center:dressings;middle_right:syringes;bottom_left:saline;bottom_center:gauze;bottom_right:wipes
37,37,tape,orange,top_left,True,top_left,True,tape,0.073,not_run,,,,,,,,,,top_left:tape;top_center:specimen_cups;top_right:dressings;middle_left:saline;middle_center:masks;middle_right:syringes;bottom_left:wipes;bottom_center:gauze;bottom_right:gloves
38,38,wipes,purple,middle_right,True,middle_right,True,wipes,0.04,not_run,,,,,,,,,,top_left:masks;top_center:syringes;top_right:gloves;middle_left:tape;middle_center:gauze;middle_right:wipes;bottom_left:saline;bottom_center:specimen_cups;bottom_right:dressings
39,39,tape,orange,bottom_center,True,bottom_center,True,tape,0.166,not_run,,,,,,,,,,top_left:syringes;top_center:wipes;top_right:dressings;middle_left:saline;middle_center:gloves;middle_right:gauze;bottom_left:specimen_cups;bottom_center:tape;bottom_right:masks
40,40,saline,cyan,bottom_right,True,bottom_right,True,saline,0.185,not_run,,,,,,,,,,top_left:specimen_cups;top_center:wipes;top_right:masks;middle_left:tape;middle_center:dressings;middle_right:syringes;bottom_left:gloves;bottom_center:gauze;bottom_right:saline
41,41,dressings,pink,bottom_right,True,bottom_right,True,dressings,0.049,not_run,,,,,,,,,,top_left:gauze;top_center:saline;top_right:tape;middle_left:syringes;middle_center:masks;middle_right:specimen_cups;bottom_left:gloves;bottom_center:wipes;bottom_right:dressings
42,42,specimen_cups,black,middle_center,True,middle_center,True,specimen_cups,0.051,not_run,,,,,,,,,,top_left:masks;top_center:dressings;top_right:saline;middle_left:tape;middle_center:specimen_cups;middle_right:syringes;bottom_left:wipes;bottom_center:gauze;bottom_right:gloves
43,43,saline,cyan,top_right,True,top_right,True,saline,0.138,not_run,,,,,,,,,,top_left:dressings;top_center:specimen_cups;top_right:saline;middle_left:syringes;middle_center:masks;middle_right:gloves;bottom_left:wipes;bottom_center:tape;bottom_right:gauze
44,44,gloves,green,bottom_center,True,bottom_center,True,gloves,0.096,not_run,,,,,,,,,,top_left:tape;top_center:wipes;top_right:gauze;middle_left:syringes;middle_center:specimen_cups;middle_right:masks;bottom_left:saline;bottom_center:gloves;bottom_right:dressings
45,45,gloves,green,top_right,True,top_right,True,gloves,0.005,not_run,,,,,,,,,,top_left:saline;top_center:specimen_cups;top_right:gloves;middle_left:wipes;middle_center:gauze;middle_right:syringes;bottom_left:masks;bottom_center:dressings;bottom_right:tape
46,46,specimen_cups,black,middle_left,True,middle_left,True,specimen_cups,0.067,not_run,,,,,,,,,,top_left:masks;top_center:saline;top_right:syringes;middle_left:specimen_cups;middle_center:wipes;middle_right:tape;bottom_left:gauze;bottom_center:dressings;bottom_right:gloves
47,47,dressings,pink,middle_center,True,middle_center,True,dressings,0.039,not_run,,,,,,,,,,top_left:gauze;top_center:specimen_cups;top_right:saline;middle_left:syringes;middle_center:dressings;middle_right:tape;bottom_left:masks;bottom_center:gloves;bottom_right:wipes
48,48,dressings,pink,top_left,True,top_left,True,dressings,0.15,not_run,,,,,,,,,,top_left:dressings;top_center:gauze;top_right:masks;middle_left:syringes;middle_center:saline;middle_right:tape;bottom_left:gloves;bottom_center:wipes;bottom_right:specimen_cups
49,49,tape,orange,top_right,True,top_right,True,tape,0.361,not_run,,,,,,,,,,top_left:specimen_cups;top_center:dressings;top_right:tape;middle_left:saline;middle_center:syringes;middle_right:gauze;bottom_left:masks;bottom_center:wipes;bottom_right:gloves
